{
  "tokenizer":{
    "token_acc":1.0,
    "token_p":1.0,
    "token_r":1.0,
    "token_f":1.0
  },
  "transformer":{

  },
  "spancat":{
    "spans_sc_p":0.8183150183,
    "spans_sc_r":0.8265327696,
    "spans_sc_f":0.8224033658,
    "spans_sc_per_type":{
      "Chemical":{
        "p":0.8470675575,
        "r":0.8741620379,
        "f":0.8604015459
      },
      "Disease":{
        "p":0.781137509,
        "r":0.7678697806,
        "f":0.7744468237
      }
    }
  },
  "speed":22525.5417879406
}