{
  "tokenizer":{
    "token_acc":1.0,
    "token_p":1.0,
    "token_r":1.0,
    "token_f":1.0
  },
  "transformer":{

  },
  "spancat":{
    "spans_sc_p":0.8717920231,
    "spans_sc_r":0.8294926004,
    "spans_sc_f":0.8501164617,
    "spans_sc_per_type":{
      "Disease":{
        "p":0.8276225619,
        "r":0.7407407407,
        "f":0.7817751774
      },
      "Chemical":{
        "p":0.9039754177,
        "r":0.9015514269,
        "f":0.9027617952
      }
    }
  },
  "speed":22460.0787037967
}