{
  "tokenizer":{
    "token_acc":1.0,
    "token_p":1.0,
    "token_r":1.0,
    "token_f":1.0
  },
  "transformer":{

  },
  "spancat":{
    "spans_sc_p":0.8140832976,
    "spans_sc_r":0.8016913319,
    "spans_sc_f":0.8078397955,
    "spans_sc_per_type":{
      "Chemical":{
        "p":0.8272843334,
        "r":0.8687990806,
        "f":0.8475336323
      },
      "Disease":{
        "p":0.7951995826,
        "r":0.7190375088,
        "f":0.7552031715
      }
    }
  },
  "speed":22342.2817968758
}