{
  "tokenizer":{
    "token_acc":1.0,
    "token_p":1.0,
    "token_r":1.0,
    "token_f":1.0
  },
  "transformer":{

  },
  "ner":{
    "ents_p":0.8383859286,
    "ents_r":0.8565539112,
    "ents_f":0.847372549,
    "ents_per_type":{
      "Chemical":{
        "p":0.8487924396,
        "r":0.9289408159,
        "f":0.8870598994
      },
      "Disease":{
        "p":0.8233358643,
        "r":0.7673979712,
        "f":0.7943833944
      }
    }
  },
  "speed":26910.9083605486
}