{
  "tokenizer":{
    "token_acc":1.0,
    "token_p":1.0,
    "token_r":1.0,
    "token_f":1.0
  },
  "transformer":{

  },
  "ner":{
    "ents_p":0.8173602145,
    "ents_r":0.8510858325,
    "ents_f":0.8338821622,
    "ents_per_type":{
      "Chemical":{
        "p":0.8248275862,
        "r":0.9107176851,
        "f":0.8656473356
      },
      "Disease":{
        "p":0.8072148044,
        "r":0.7801675345,
        "f":0.7934607414
      }
    }
  },
  "speed":27061.7247897583
}