{
  "tokenizer":{
    "token_acc":1.0,
    "token_p":1.0,
    "token_r":1.0,
    "token_f":1.0
  },
  "transformer":{

  },
  "spancat":{
    "spans_sc_p":0.7838155226,
    "spans_sc_r":0.7761099366,
    "spans_sc_f":0.7799436979,
    "spans_sc_per_type":{
      "Disease":{
        "p":0.7843658601,
        "r":0.6959188488,
        "f":0.7375
      },
      "Chemical":{
        "p":0.7834463075,
        "r":0.8412181574,
        "f":0.8113050707
      }
    }
  },
  "speed":22141.7102341171
}